canonical_location,match_attempted
6360,True
ACADEMIC REOSURCE CENTER (ARC),True
ACADEMIC RESOURCE CENTER (ARC),True
ALAN CHADWICK GARDEN,True
BARN G,True
BASKIN CIRCLE,True
BASKIN ENG COURTYARD,True
BASKIN VISUAL ARTS,True
BLACKSMITH SHOP DIRT AREA,True
CHINQUAPIN RD.,True
CLASSROOM UNIT BUILDING,True
CORPS YARD,True
COWELL DINING LOADING DOCK,True
EARTH AND MARINE SCIENCES,True
EMPIRE GRADE,True
FIELD OFF OF HAGER,True
HAGAR DR.,True
HELLER DR.,True
HUMANITIES,True
JOHN R LEWIS RD,True
KOSHLAND WAY,True
LEONARDO LANE,True
LOOKOUT,True
MCLAUGHLIN DR.,True
MUSIC HALL,True
OAKES FIELD SERVICE RD.,True
OWLS NEST,True
PERFORMING ARTS,True
PHYSICAL SCIENCES BUILDING DOCK,True
PORTER DINNING HALL,True
PORTER PROVOST RESIDENCE,True
PORTER-KRESGE RD,True
RED HILL RD.,True
RED HILL RD. X MCLAUGHLIN,True
STEINHART WAY,True
STUDENT UNION,True
THE AARC,True
THE FARM,True
THE FARM RD.,True
129-136 FAMILY STUDENT HOUSING,134,Family Student Housing,9,0.8461538461538461
FAMILY STUDENT HOUSING,134,Family Student Housing,9,1.0
BASKIN ENGINEERING,138,Baskin Engineering,60,1.0
ACEDEMIC RESOURSE CENTER,201,Seymour Center,119,0.631578947368421
COLLEGE NINE,167,College Nine,53,1.0
COLLEGE NINE RD.,167,College Nine,53,0.8571428571428571
COOLIDGE DRIVE,167,College Nine,53,0.6153846153846154
COWELL APARTMENTS,152,Crown/Merrill Apartments,41,0.8292682926829268
COWELL APARTMENTS 2,152,Crown/Merrill Apartments,41,0.7906976744186046
COWELL COLLEGE,106,Cowell College,48,1.0
COWELL-STEVENSON RD.,107,Cowell/Stevenson,49,0.8333333333333334
COWELL-STEVENSON SERVICE RD.,108,Stevenson Service Road,50,0.8
CROWN SERVICE RD.,108,Stevenson Service Road,50,0.6666666666666666
CROWN-MERRILL APARTMENTS,155,Crown-Merrill Apartments,111,1.0
DIRT CROWN SERVICE RD.,108,Stevenson Service Road,50,0.6363636363636364
EAST FIELD HOUSE SPORT COMPLEX,103A,East Field House,5,0.6956521739130435
EAST FIELD SERVICE ROAD,108,Stevenson Service Road,50,0.7111111111111111
ENGINEERING II,139A,Engineering 2,39,0.8888888888888888
FARM SERVICE ROAD,108,Stevenson Service Road,50,0.6666666666666666
GRADUATE STUDENT COMMONS,157,Graduate Student Housing,38,0.7916666666666666
JOHN R. LEWIS COLLEGE,161,Oakes College,6,0.6470588235294118
KRESGE ACAD,147,Kresge College,33,0.64
KRESGE APARTMENTS,159,Redwood Grove Apartments,34,0.7317073170731707
KRESGE COLLEGE,147,Kresge College,33,1.0
KRESGE RD,147,Kresge College,33,0.6086956521739131
MCHENRY LIBRARY,120A,Lower McHenry Library,27,0.8333333333333334
MERRILL CIRCLE,119,Merrill College,47,0.7586206896551724
OAKES APARTMENTS,159,Redwood Grove Apartments,34,0.65
OAKES CIRCLE,161,Oakes College,6,0.72
OAKES COLLEGE,161,Oakes College,6,1.0
OAKES ROAD,161,Oakes College,6,0.6086956521739131
PHYSICAL SCIENCES BUILDING,114,Social Sciences,54,0.6341463414634146
PORTER APARTMENTS,159,Redwood Grove Apartments,34,0.6829268292682927
PORTER DORMS,124,Porter College,28,0.6153846153846154
PORTER SERVICE ROAD,108,Stevenson Service Road,50,0.7317073170731707
RACHEL CARSON APARTMENTS,146,Rachel Carson College,16,0.6666666666666666
RACHEL CARSON COLLEGE,146,Rachel Carson College,16,1.0
RACHEL CARSON DORMS,146,Rachel Carson College,16,0.75
RACHEL CARSON SERVICE ROAD,108,Stevenson Service Road,50,0.7083333333333334
SOCIAL SCIENCES 1,114,Social Sciences,54,0.9375
SOCIAL SCIENCES 2,114,Social Sciences,54,0.9375
STEVENSON APARTMENTS,159,Redwood Grove Apartments,34,0.6363636363636364
STEVENSON CIRCLE,109,Stevenson College,52,0.7878787878787878
STEVENSON SERVICE ROAD,108,Stevenson Service Road,50,1.0
THE VILLAGE,169,The Village,22,1.0
THEATER ARTS CENTER,128,Health Center,40,0.6875
THIMANN LABS,113,Thimann Lab,101,0.9565217391304348
WEST FIELD HOUSE,103A,East Field House,5,0.9375

