canonical_location,lot_number,lot_name,objectid,confidence
101 HAHN STUDENT SERVICES,101,Hahn Student Services,19,1.0
102 QUARRY PLAZA,102,Quarry Plaza,46,1.0
102 QUARRY PLAZA LOADING DOCK,102,Quarry Plaza,46,1.0
103A EAST FIELD HOUSE,103A,East Field House,5,0.8648648648648649
103B ATH-REC,103B,OPERS,96
104 EAST REMOTE,104,East Remote Parking,61,1.0
105 UNIVERSITY POLICE,105,University Police,97,1.0
106 COWELL COLLEGE,106,Cowell College,48,1.0
107 COWELL/STEVENSON,107,Cowell/Stevenson,49,1.0
108 STEVENSON SERVICE ROAD,108,Stevenson Service Road,50,1.0
109 STEVENSON COLLEGE,109,Stevenson College,52,1.0
110 STEVENSON COLLEGE,110,Stevenson College110,51,1.0
111A CROWN COLLEGE PIT,111A,"Crown College """"Pit""""",45,0.7906976744186046
111B CROWN COLLEGE CIRCLE,111B,Crown College Circle,98,0.8888888888888888
112 CORE WEST STRUCTURE,112,Core West Structure,100,1.0
113 THIMANN LAB,113,Thimann Lab,101,1.0
114 JOHN R. LEWIS,114,Social Sciences,54,1.0
115 CARRIAGE HOUSE,115,Carriage House,23,1.0
116 CAMPUS FACILITIES,116,Campus Facilities,3,1.0
117A ADMISSIONS,117A,Admissions,30,0.8
117B COOK HOUSE,117B,Cook House,24,0.8
118 GRANARY,118,Granary,1,1.0
119 MERRILL COLLEGE,119,Merrill College,47,1.0
120A LOWER MCHENRY LIBRARY,120A,Lower McHenry Library,27,0.8936170212765957
120B LOWER MCHENRY LIBRARY,120A,Lower McHenry Library,27,0.8936170212765957
120B UPPER MCHENRY LIBRARY,120B,Upper McHenry Library,102,0.8936170212765957
121 BIOMED/SCIENCE LIBRARY,121,Biomed/Science Library,103,1.0
122 BARN THEATER,122,Barn Theater,2,1.0
123 HEAT PLANT,123,Heat Plant,58,1.0
124 PORTER COLLEGE,124,Porter College,28,1.0
125 PORTER COLLEGE,125,Porter College,29,1.0
126 ARTS,126,Arts,18,1.0
127 WEST REMOTE,127,West Remote Parking,62,1.0
128 HEALTH CENTER,128,Health Center,40,1.0
129 FAMILY STUDENT HOUSING - 100 LOOP,129,Family Student Housing,12,1.0
130 FAMILY STUDENT HOUSING - 200 LOOP,130,Family Student Housing,11,1.0
131 FAMILY STUDENT HOUSING - 300 LOOP,131,Family Student Housing,13,1.0
132 FAMILY STUDENT HOUSING - 400 LOOP,132,Family Student Housing,10,1.0
133 FAMILY STUDENT HOUSING - 500 LOOP,133,Family Student Housing,14,1.0
134 FAMILY STUDENT HOUSING - 600 LOOP,134,Family Student Housing,9,1.0
135 FAMILY STUDENT HOUSING - 700 LOOP,135,Family Student Housing,15,1.0
136 FAMILY STUDENT HOUSING - 800 LOOP,136,Family Student Housing,17,1.0
137 TAPS SALES OFFICE,137,Central Garage,104,1.0
138 BASKIN ENGINEERING,138,Baskin Engineering,60,1.0
139A ENGINEERING II,139A,Engineering 2,39,0.75
139B COMMUNICATIONS,139B,Communications,59,0.8484848484848485
140 FOUNDRY,140,Foundry,25,1.0
141 KERR HALL,141,Kerr Hall,26,1.0
142 KRESGE COLLEGE,142,Kresge College,118,1.0
144 COLLEGE NINE,144,Oakes College,31,1.0
144 OAKES COLLEGE,144,Oakes College,31,1.0
145 KRESGE COLLEGE,145,Kresge College,106,1.0
146 RACHEL CARSON COLLEGE,146,Rachel Carson College,16,1.0
147 KRESGE COLLEGE,147,Kresge College,33,1.0
149 HELLER EXTENSION,149,Heller Extension,107,1.0
150A NORTH PERIMETER,150B,North Perimeter,95,0.8571428571428571
150B NORTH PERIMETER,150B,North Perimeter,95,0.8571428571428571
151 CARDIFF HOUSE,151,Cardiff House,110,1.0
152 CROWN - MERRILL APARTMENTS,152,Crown/Merrill Apartments,41,1.0
153 CROWN - MERRILL APARTMENTS,153,Crown/Merrill Apartments,42,1.0
154 CROWN - MERRILL APARTMENTS,154,Crown/Merrill Apartments,43,1.0
155 CROWN - MERRILL APARTMENTS,155,Crown-Merrill Apartments,111,1.0
156 FIRE HOUSE,156,Fire House,44,1.0
157 GRADUATE STUDENT APARTMENTS,157,Graduate Student Housing,38,1.0
158-159 REDWOOD GROVE APARTMENTS,159,Redwood Grove Apartments,34,0.8571428571428571
160 OAKES COLLEGE,160,Oakes College,7,1.0
161 OAKES COLLEGE,161,Oakes College,6,1.0
162 OAKES COLLEGE,162,Oakes College,8,1.0
163 COWELL PROVOST,163,Cowell Provost,112,1.0
164 JOHN R. LEWIS COLLEGE,164,College Ten,56,1.0
165 JOHN R. LEWIS COLLEGE,165,College Ten,55,1.0
166 COLLEGE NINE,166,College Nine,57,1.0
167 COLLEGE NINE,167,College Nine,53,1.0
168 AGROECOLOGY,168,Agroecology,4,1.0
169 THE VILLAGE,169,The Village,22,1.0
170 HAY BARN,170,Hay Barn,113,1.0
201 COASTAL SCIENCE CAMPUS,201,Seymour Center,119,1.0
202 COASTAL SCIENCE CAMPUS,202,Seymour Center 2,120,1.0
203 COASTAL SCIENCE CAMPUS,203,Ocean Health Building,121,1.0
204 COASTAL SCIENCE CAMPUS,204,Conservation Annex,122,1.0
205 COASTAL SCIENCE CAMPUS,205,CBB South,123,1.0
206 COASTAL SCIENCE CAMPUS,206,CBB North,126,1.0
207 COASTAL SCIENCE CAMPUS,207,CSC Entry,127,1.0
301 WESTSIDE RESEARCH PARK,301,Westside Research Park,128,1.0
302 WESTSIDE RESEARCH PARK,302,WRP Special Events,147,1.0
ACEDEMIC RESOURSE CENTER,201,Seymour Center,119,0.631578947368421
BASKIN ENGINEERING,138,Baskin Engineering,60,1.0
COGEN PLANT,123,Heat Plant,58,0.6666666666666666
COLLEGE NINE,167,College Nine,53,1.0
COLLEGE NINE RD.,167,College Nine,53,0.8571428571428571
COOLIDGE DRIVE,167,College Nine,53,0.6153846153846154
COWELL APARTMENTS,152,Crown/Merrill Apartments,41,0.8292682926829268
COWELL APARTMENTS 2,152,Crown/Merrill Apartments,41,0.7906976744186046
COWELL COLLEGE,106,Cowell College,48,1.0
COWELL-STEVENSON RD.,107,Cowell/Stevenson,49,0.8333333333333334
COWELL-STEVENSON SERVICE RD.,108,Stevenson Service Road,50,0.8
CROWN SERVICE RD.,108,Stevenson Service Road,50,0.6666666666666666
CROWN-MERRILL APARTMENTS,155,Crown-Merrill Apartments,111,1.0
DIRT CROWN SERVICE RD.,108,Stevenson Service Road,50,0.6363636363636364
EAST FIELD HOUSE SPORT COMPLEX,103A,East Field House,5,0.6956521739130435
EAST FIELD SERVICE ROAD,108,Stevenson Service Road,50,0.7111111111111111
ENGINEERING II,139A,Engineering 2,39,0.8888888888888888
FAMILY STUDENT HOUSING,134,Family Student Housing,9,1.0
FARM SERVICE ROAD,108,Stevenson Service Road,50,0.6666666666666666
GRADUATE STUDENT COMMONS,157,Graduate Student Housing,38,0.7916666666666666
JOHN R. LEWIS COLLEGE,161,Oakes College,6,0.6470588235294118
KRESGE ACAD,147,Kresge College,33,0.64
KRESGE APARTMENTS,159,Redwood Grove Apartments,34,0.7317073170731707
KRESGE COLLEGE,147,Kresge College,33,1.0
KRESGE RD,147,Kresge College,33,0.6086956521739131
MCHENRY LIBRARY,120A,Lower McHenry Library,27,0.8333333333333334
MERRILL CIRCLE,119,Merrill College,47,0.7586206896551724
OAKES APARTMENTS,159,Redwood Grove Apartments,34,0.65
OAKES CIRCLE,161,Oakes College,6,0.72
OAKES COLLEGE,161,Oakes College,6,1.0
OAKES ROAD,161,Oakes College,6,0.6086956521739131
OCEAN HEALTH,203,Ocean Health Building,121,0.7272727272727273
PHYSICAL SCIENCES BUILDING,114,Social Sciences,54,0.6341463414634146
PORTER APARTMENTS,159,Redwood Grove Apartments,34,0.6829268292682927
PORTER DORMS,124,Porter College,28,0.6153846153846154
PORTER SERVICE ROAD,108,Stevenson Service Road,50,0.7317073170731707
RACHEL CARSON APARTMENTS,146,Rachel Carson College,16,0.6666666666666666
RACHEL CARSON COLLEGE,146,Rachel Carson College,16,1.0
RACHEL CARSON DORMS,146,Rachel Carson College,16,0.75
RACHEL CARSON SERVICE ROAD,108,Stevenson Service Road,50,0.7083333333333334
SOCIAL SCIENCES 1,114,Social Sciences,54,0.9375
SOCIAL SCIENCES 2,114,Social Sciences,54,0.9375
STEVENSON APARTMENTS,159,Redwood Grove Apartments,34,0.6363636363636364
STEVENSON CIRCLE,109,Stevenson College,52,0.7878787878787878
STEVENSON SERVICE ROAD,108,Stevenson Service Road,50,1.0
THE VILLAGE,169,The Village,22,1.0
THEATER ARTS CENTER,128,Health Center,40,0.6875
THIMANN LABS,113,Thimann Lab,101,0.9565217391304348
WEST FIELD HOUSE,103A,East Field House,5,0.9375
WESTSIDE RESEARCH PARK,301,Westside Research Park,128,1.0
